pub_date,headline,section,url
2001-09-19,"Crime Reports Plunge, With One Brazen Exception",New York,https://www.nytimes.com/2001/09/19/nyregion/crime-reports-plunge-with-one-brazen-exception.html
2001-09-09,Chinese Fight Crime With Torture and Executions,World,https://www.nytimes.com/2001/09/09/world/chinese-fight-crime-with-torture-and-executions.html
2001-09-29,New Charges Against Milosevic Tie Him to Croatia War Crimes,World,https://www.nytimes.com/2001/09/29/world/new-charges-against-milosevic-tie-him-to-croatia-war-crimes.html
2001-09-25,Crime Down 18% as Murders Fall in a City Stunned by Wholesale Death,New York,https://www.nytimes.com/2001/09/25/nyregion/crime-down-18-as-murders-fall-in-a-city-stunned-by-wholesale-death.html
2001-09-05,"Rivals Covet Giuliani's Crime Data, Not His Ways",New York,https://www.nytimes.com/2001/09/05/nyregion/rivals-covet-giuliani-s-crime-data-not-his-ways.html
2001-09-08,National Briefing | West: California: Hate-Crime Guilty Pleas,U.S.,https://www.nytimes.com/2001/09/08/us/national-briefing-west-california-hate-crime-guilty-pleas.html
2001-09-23,CRIME,Books,https://www.nytimes.com/2001/09/23/books/crime-165468.html
2001-09-09,CRIME,Books,https://www.nytimes.com/2001/09/09/books/crime-941832.html
2001-09-09,AIRPORT ARCHITECTURE; A Cultural Crime,Arts,https://www.nytimes.com/2001/09/09/arts/l-airport-architecture-a-cultural-crime-053325.html
2001-09-07,Metro Briefing | New York: Manhattan: Crime-Fighting Strategies,New York,https://www.nytimes.com/2001/09/07/nyregion/metro-briefing-new-york-manhattan-crime-fighting-strategies.html
2001-09-01,Court in Iran Detains Filmmaker On Charges of Political Crimes,World,https://www.nytimes.com/2001/09/01/world/court-in-iran-detains-filmmaker-on-charges-of-political-crimes.html
2001-09-22,"A NATION CHALLENGED: THE CRIME SCENE; At the Site, Ashcroft and Mueller Speak of Pushing Ahead",U.S.,https://www.nytimes.com/2001/09/22/us/nation-challenged-crime-scene-site-ashcroft-mueller-speak-pushing-ahead.html
2001-09-29,World Briefing | The Americas: Honduras: Regional Antiterrorism Project,World,https://www.nytimes.com/2001/09/29/world/world-briefing-the-americas-honduras-regional-antiterrorism-project.html
2001-09-03,"A Dollar, a Dream and That's All",Opinion,https://www.nytimes.com/2001/09/03/opinion/l-a-dollar-a-dream-and-that-s-all-000698.html
2001-09-19,Europe Proposes Big Changes in Law Enforcement Rules,World,https://www.nytimes.com/2001/09/19/international/europe-proposes-big-changes-in-law-enforcement-rules.html
2001-09-08,World Briefing | Europe: Russia: Money Laundering,World,https://www.nytimes.com/2001/09/08/world/world-briefing-europe-russia-money-laundering.html
2001-09-05,Charleroi Journal; A Rust-Belt City's Mean Streets Keep Their Edge,World,https://www.nytimes.com/2001/09/05/world/charleroi-journal-a-rust-belt-city-s-mean-streets-keep-their-edge.html
2001-09-11,The Broken-Windows Myth,Opinion,https://www.nytimes.com/2001/09/11/opinion/the-brokenwindows-myth.html
2001-09-07,Hard Time Started With Escape from New Jersey Jail.,New York,https://www.nytimes.com/2001/09/07/nyregion/hard-time-started-with-escape-from-new-jersey-jail.html
2001-09-09,"NEIGHBORHOOD REPORT: STATEN ISLAND UP CLOSE; Take Our Fares, Please, a Borough's Train Riders Beg",New York,https://www.nytimes.com/2001/09/09/nyregion/neighborhood-report-staten-island-up-close-take-our-fares-please-borough-s-train.html
2001-09-05,F.B.I. Employee Admits Stealing Case Files,New York,https://www.nytimes.com/2001/09/05/nyregion/fbi-employee-admits-stealing-case-files.html
2001-09-02,Search Continues for an Escaped Murderer,New York,https://www.nytimes.com/2001/09/02/nyregion/search-continues-for-an-escaped-murderer.html
2001-09-08,World Briefing | Europe: Yugoslavia: Counsel Rejected,World,https://www.nytimes.com/2001/09/08/world/world-briefing-europe-yugoslavia-counsel-rejected.html
2001-09-19,Mistrial for Police Chemist Accused of Falsifying Tests,U.S.,https://www.nytimes.com/2001/09/19/us/mistrial-for-police-chemist-accused-of-falsifying-tests.html
2001-09-09,BOOKS IN BRIEF: FICTION & POETRY,Books,https://www.nytimes.com/2001/09/09/books/books-in-brief-fiction-poetry-944688.html
2001-09-08,Corrections,New York,https://www.nytimes.com/2001/09/08/nyregion/c-corrections-091332.html
2001-09-20,Metro Briefing | Connecticut: Hartford: Anti-Bias Group Formed,New York,https://www.nytimes.com/2001/09/20/nyregion/metro-briefing-connecticut-hartford-anti-bias-group-formed.html
2001-09-09,Brazil Is Getting a New Political Party: Its Base Is in State Prison,World,https://www.nytimes.com/2001/09/09/world/brazil-is-getting-a-new-political-party-its-base-is-in-state-prison.html
2001-09-06,Metro Briefing | New York: Queens: Man Beaten Near Gay Bar Dies,New York,https://www.nytimes.com/2001/09/06/nyregion/metro-briefing-new-york-queens-man-beaten-near-gay-bar-dies.html
2001-10-21,Croats Protest Investigations Of War Crimes,World,https://www.nytimes.com/2001/10/21/world/croats-protest-investigations-of-war-crimes.html
2001-10-24,National Briefing | Washington: Serious Crimes Decline,U.S.,https://www.nytimes.com/2001/10/24/us/national-briefing-washington-serious-crimes-decline.html
2001-10-06,Slain Arab-American May Have Been Hate-Crime Victim,U.S.,https://www.nytimes.com/2001/10/06/us/slain-arab-american-may-have-been-hate-crime-victim.html
2001-10-10,"Milosevic, Indicted Again, Is Charged With Crimes in Croatia",World,https://www.nytimes.com/2001/10/10/world/milosevic-indicted-again-is-charged-with-crimes-in-croatia.html
2001-10-29,An Unexpected Reversal Of War-Crimes Convictions,World,https://www.nytimes.com/2001/10/29/world/an-unexpected-reversal-of-war-crimes-convictions.html
2001-10-03,National Briefing | West: California: Death Is Called Hate Crime,U.S.,https://www.nytimes.com/2001/10/03/us/national-briefing-west-california-death-is-called-hate-crime.html
2001-10-28,Crime,Books,https://www.nytimes.com/2001/10/28/books/crime-736562.html
2001-10-14,Crime,Books,https://www.nytimes.com/2001/10/14/books/crime-497649.html
2001-10-24,3 Croats Cleared; First Time War Crimes Rulings Are Reversed,World,https://www.nytimes.com/2001/10/24/world/3-croats-cleared-first-time-war-crimes-rulings-are-reversed.html
2001-10-07,Film; When Crime No Longer Pays,Movies,https://www.nytimes.com/2001/10/07/movies/film-when-crime-no-longer-pays.html
2001-10-02,The Shock of Terrorist Crime Is Uniting the World,Opinion,https://www.nytimes.com/2001/10/02/opinion/IHT-the-shock-of-terrorist-crime-is-uniting-the-world.html
2001-10-30,"Terrorism, Organized Crime, Money Laundering",Opinion,https://www.nytimes.com/2001/10/30/opinion/IHT-terrorism-organized-crime-money-laundering.html
2001-10-17,"A NATION CHALLENGED: THE INVESTIGATORS; Mailing Lethal Substances Is a Rare Crime, Tough to Solve When Not a Hoax",New York,https://www.nytimes.com/2001/10/17/nyregion/nation-challenged-investigators-mailing-lethal-substances-rare-crime-tough-solve.html
2001-10-22,Ex-Yugoslav General Surrenders To U.N. War Crimes Tribunal,World,https://www.nytimes.com/2001/10/22/world/ex-yugoslav-general-surrenders-to-un-war-crimes-tribunal.html
2001-10-28,A NATION CHALLENGED: THE POLICE; Focus on Terror Creates Burden For the Police,U.S.,https://www.nytimes.com/2001/10/28/us/a-nation-challenged-the-police-focus-on-terror-creates-burden-for-the-police.html
2001-10-07,Rwanda to Use Traditional Justice in '94 Killings,World,https://www.nytimes.com/2001/10/07/world/rwanda-to-use-traditional-justice-in-94-killings.html
2001-10-26,Metro Briefing | New York: Manhattan: 8 Indicted In Weapons Sales,New York,https://www.nytimes.com/2001/10/26/nyregion/metro-briefing-new-york-manhattan-8-indicted-in-weapons-sales.html
2001-10-16,Metro Briefing | New Jersey: Trenton: New Witness Procedures,New York,https://www.nytimes.com/2001/10/16/nyregion/metro-briefing-new-jersey-trenton-new-witness-procedures.html
2001-10-13,Questions Persist on How to Allot Profit From 'Underboss',New York,https://www.nytimes.com/2001/10/13/nyregion/questions-persist-on-how-to-allot-profit-from-underboss.html
2001-10-10,"Tokyo Journal; Even in Ginza, Honor Among Thieves Crumbles",World,https://www.nytimes.com/2001/10/10/world/tokyo-journal-even-in-ginza-honor-among-thieves-crumbles.html
2001-10-07,NEIGHBORHOOD REPORT: PELHAM PARKWAY; New Peepholes Will Be a First Line of Defense for the Aged,New York,https://www.nytimes.com/2001/10/07/nyregion/neighborhood-report-pelham-parkway-new-peepholes-will-be-first-line-defense-for.html
2001-10-05,World Briefing | Europe: Germany: Move To Ban Far-Right Party,World,https://www.nytimes.com/2001/10/05/world/world-briefing-europe-germany-move-to-ban-far-right-party.html
2001-10-21,BRIEFING: LAW ENFORCEMENT; NEW MUG SHOT PROCEDURE,New York,https://www.nytimes.com/2001/10/21/nyregion/briefing-law-enforcement-new-mug-shot-procedure.html
2001-10-21,Fear Is No Stranger in Chicago Ghetto,U.S.,https://www.nytimes.com/2001/10/21/us/fear-is-no-stranger-in-chicago-ghetto.html
2001-10-04,Mexico Limits Extradition,World,https://www.nytimes.com/2001/10/04/world/mexico-limits-extradition.html
2001-10-24,The Banner of Freedom,Opinion,https://www.nytimes.com/2001/10/24/opinion/l-the-banner-of-freedom-817139.html
2001-10-24,Sentence Is Upheld in Cyanide Exposure,U.S.,https://www.nytimes.com/2001/10/24/national/sentence-is-upheld-in-cyanide-exposure.html
2001-10-20,National Briefing | South: Florida: DNA Test Ruling,U.S.,https://www.nytimes.com/2001/10/20/us/national-briefing-south-florida-dna-test-ruling.html
2001-10-14,Experts Offer Advice on Handling Potentially Dangerous Mail,U.S.,https://www.nytimes.com/2001/10/14/national/experts-offer-advice-on-handling-potentially-dangerous-mail.html
2001-10-27,Gotti Son-in-Law Sentenced to 9 Years and $10 Million Forfeiture,New York,https://www.nytimes.com/2001/10/27/nyregion/gotti-son-in-law-sentenced-to-9-years-and-10-million-forfeiture.html
2001-11-01,National Briefing | Education: Drop In Crime Against Students,U.S.,https://www.nytimes.com/2001/11/01/us/national-briefing-education-drop-in-crime-against-students.html
2001-11-29,U.N. Study Says Nairobi Is Inundated With Crime,World,https://www.nytimes.com/2001/11/29/world/un-study-says-nairobi-is-inundated-with-crime.html
2001-11-21,Metro Briefing | New York: Palermo: Hate-Crime Inquiry,New York,https://www.nytimes.com/2001/11/21/nyregion/metro-briefing-new-york-palermo-hate-crime-inquiry.html
2001-11-15,World Briefing | Europe: Yugoslavia: Resignations In War-Crimes Dispute,World,https://www.nytimes.com/2001/11/15/world/world-briefing-europe-yugoslavia-resignations-in-war-crimes-dispute.html
2001-11-23,World Briefing | Europe: Hungary: Four Nations Join To Fight Crime,World,https://www.nytimes.com/2001/11/23/world/world-briefing-europe-hungary-four-nations-join-to-fight-crime.html
2001-11-08,Police Struggling to Adjust to Fighting Both Crime and Terrorism,New York,https://www.nytimes.com/2001/11/08/nyregion/police-struggling-to-adjust-to-fighting-both-crime-and-terrorism.html
2001-11-04,Crime,Books,https://www.nytimes.com/2001/11/04/books/crime-850543.html
2001-11-25,CRIME,Books,https://www.nytimes.com/2001/11/25/books/crime-211540.html
2001-11-03,5 Bosnian Serbs Guilty of War Crimes at Infamous Camp,World,https://www.nytimes.com/2001/11/03/world/5-bosnian-serbs-guilty-of-war-crimes-at-infamous-camp.html
2001-11-20,National Briefing | Washington: Increase In Hate Crimes,U.S.,https://www.nytimes.com/2001/11/20/us/national-briefing-washington-increase-in-hate-crimes.html
2001-11-21,World Briefing | Europe: Macedonia: War Crimes Investigation,World,https://www.nytimes.com/2001/11/21/world/world-briefing-europe-macedonia-war-crimes-investigation.html
2001-11-04,Bin Laden Accuses U.N. of Crimes Against Islam,World,https://www.nytimes.com/2001/11/04/international/asia/bin-laden-accuses-un-of-crimes-against-islam.html
2001-11-16,Johannesburg Journal; Unthinkable Attack Jolts a Crime-Weary Country,World,https://www.nytimes.com/2001/11/16/world/johannesburg-journal-unthinkable-attack-jolts-a-crime-weary-country.html
2001-11-23,"1901:Corset Crimes : IN OUR PAGES:100, 75 AND 50 YEARS AGO",Opinion,https://www.nytimes.com/2001/11/23/opinion/IHT-1901corset-crimes-in-our-pages100-75-and-50-years-ago.html
2001-11-09,World Briefing | Americas: Argentina: Ex-President Denies Arms Crime,World,https://www.nytimes.com/2001/11/09/world/world-briefing-americas-argentina-ex-president-denies-arms-crime.html
2001-11-02,Husband's Crimes Are Not Expected to Hinder Pirro's Re-election Bid,New York,https://www.nytimes.com/2001/11/02/nyregion/husband-s-crimes-are-not-expected-to-hinder-pirro-s-re-election-bid.html
2001-11-04,The Candidates on Major Issues in the Mayoral Race: An Overview; Security and Policing,New York,https://www.nytimes.com/2001/11/04/nyregion/candidates-major-issues-mayoral-race-overview-security-policing.html
2001-11-27,National Briefing | West: California: Device Can Stop Trucks,U.S.,https://www.nytimes.com/2001/11/27/us/national-briefing-west-california-device-can-stop-trucks.html
2001-11-07,World Briefing | Asia: China: 10 Executions In Beijing,World,https://www.nytimes.com/2001/11/07/world/world-briefing-asia-china-10-executions-in-beijing.html
2001-11-28,Shootings Rise In Last 3 Weeks,New York,https://www.nytimes.com/2001/11/28/nyregion/shootings-rise-in-last-3-weeks.html
2001-11-15,Brothers Plead Guilty in Mob Payoffs for Construction Businesses,New York,https://www.nytimes.com/2001/11/15/nyregion/brothers-plead-guilty-in-mob-payoffs-for-construction-businesses.html
2001-11-13,Metro Briefing | New Jersey: Newark: DNA Analysis To Expand,New York,https://www.nytimes.com/2001/11/13/nyregion/metro-briefing-new-jersey-newark-dna-analysis-to-expand.html
2001-11-07,U.S. Arrests 7 in Mafia Use of a Bank on L.I.,New York,https://www.nytimes.com/2001/11/07/nyregion/us-arrests-7-in-mafia-use-of-a-bank-on-li.html
2001-11-23,305 Bodies Exhumed By Bosnia Muslims From a Mass Grave,World,https://www.nytimes.com/2001/11/23/world/305-bodies-exhumed-by-bosnia-muslims-from-a-mass-grave.html
2001-11-03,Court Rejects 3-Strikes Term For Shoplifter,U.S.,https://www.nytimes.com/2001/11/03/us/court-rejects-3-strikes-term-for-shoplifter.html
2001-11-11,"Anthony Shaffer, 75, Playwright With a Flair for the Whodunit, Dies",Obituaries,https://www.nytimes.com/2001/11/11/obituaries/anthony-shaffer-75-playwright-with-a-flair-for-the-whodunit-dies.html
2001-11-20,FACING OFF: Of Doctors and Detectives; Should Physicians Help Law Enforcement Authorities Conduct 'DNA Dragnets'?,Health,https://www.nytimes.com/2001/11/20/health/facing-off-doctors-detectives-should-physicians-help-law-enforcement-authorities.html
2001-11-15,World Briefing | Asia: China: Crackdown In Muslim Region,World,https://www.nytimes.com/2001/11/15/world/world-briefing-asia-china-crackdown-in-muslim-region.html
2001-11-15,World Briefing,World,https://www.nytimes.com/2001/11/15/international/world-briefing.html
2001-11-06,World Briefing | Europe: Russia: Putin Responds To Racial Violence,World,https://www.nytimes.com/2001/11/06/world/world-briefing-europe-russia-putin-responds-to-racial-violence.html
2001-12-21,Violent Crime Reported Declining in Workplace,U.S.,https://www.nytimes.com/2001/12/21/us/violent-crime-reported-declining-in-workplace.html
2001-12-06,Indictments Name 73 Linked to the Genovese Crime Family,New York,https://www.nytimes.com/2001/12/06/nyregion/indictments-name-73-linked-to-the-genovese-crime-family.html
2001-12-20,"Metro Matters; Like Avatars Of Crime, They're Back",New York,https://www.nytimes.com/2001/12/20/nyregion/metro-matters-like-avatars-of-crime-they-re-back.html
2001-12-19,Study Says a Slumping Economy Doesn't Mean Crime Will Rise,New York,https://www.nytimes.com/2001/12/19/nyregion/study-says-a-slumping-economy-doesn-t-mean-crime-will-rise.html
2001-12-26,China's Efforts Against Crime Make No Dent,World,https://www.nytimes.com/2001/12/26/world/china-s-efforts-against-crime-make-no-dent.html
2001-12-18,Fairstein Is to Retire As Prosecutor Of Sex Crimes,New York,https://www.nytimes.com/2001/12/18/nyregion/fairstein-is-to-retire-as-prosecutor-of-sex-crimes.html
2001-12-22,"A NATION CHALLENGED: RELATIONS; Complaints of Anti-Arab Bias Crimes Dip, but Concerns Linger",New York,https://www.nytimes.com/2001/12/22/nyregion/nation-challenged-relations-complaints-anti-arab-bias-crimes-dip-but-concerns.html
2001-12-09,CRIME,Books,https://www.nytimes.com/2001/12/09/books/crime-426016.html
2001-12-07,More Officers To Shift to Sites Of Rising Crime,New York,https://www.nytimes.com/2001/12/07/nyregion/more-officers-to-shift-to-sites-of-rising-crime.html
2001-12-23,CRIME,Books,https://www.nytimes.com/2001/12/23/books/crime-653004.html
2001-12-14,World Briefing | Middle East: Jordan: Death Penalty For 'Honor' Crimes,World,https://www.nytimes.com/2001/12/14/world/world-briefing-middle-east-jordan-death-penalty-for-honor-crimes.html
2001-12-24,"THEATER REVIEW; Crime and Comeuppance With a Sassy, Jazzy Heart",Theater,https://www.nytimes.com/2001/12/24/theater/theater-review-crime-and-comeuppance-with-a-sassy-jazzy-heart.html
2001-12-13,"Economic Scene; To avoid terrorism, end poverty and ignorance. Right? Guess again. Debunking conventional wisdom about the roots of hate crime.",Business,https://www.nytimes.com/2001/12/13/business/economic-scene-avoid-terrorism-end-poverty-ignorance-right-guess-again-debunking.html
2001-12-13,ENRON'S COLLAPSE: THE OVERVIEW; Enron Auditor Raises Specter of Crime,Business,https://www.nytimes.com/2001/12/13/business/enron-s-collapse-the-overview-enron-auditor-raises-specter-of-crime.html
2001-12-02,FOLLOWING UP,New York,https://www.nytimes.com/2001/12/02/nyregion/following-up.html
2001-12-16,Our Towns; A Mayor So Anticrime She Posts a Police Car at Her House,New York,https://www.nytimes.com/2001/12/16/nyregion/our-towns-a-mayor-so-anticrime-she-posts-a-police-car-at-her-house.html
2001-12-02,"Police Search for Man in Rape of Girl, 13",New York,https://www.nytimes.com/2001/12/02/nyregion/police-search-for-man-in-rape-of-girl-13.html
2001-12-21,"Philadelphia Mob Is Hurting but Still Alive, U.S. Says",U.S.,https://www.nytimes.com/2001/12/21/us/philadelphia-mob-is-hurting-but-still-alive-us-says.html
2001-12-04,National Briefing | Mid-Atlantic: Pennsylvania: Mobster Gets 14 Years,U.S.,https://www.nytimes.com/2001/12/04/us/national-briefing-mid-atlantic-pennsylvania-mobster-gets-14-years.html
2001-12-21,Reputed Colombo Mob Family Boss Pleads Guilty to Racketeering,New York,https://www.nytimes.com/2001/12/21/nyregion/reputed-colombo-mob-family-boss-pleads-guilty-to-racketeering.html
2001-12-20,Leniency Is Rejected in a Sodomy Case,New York,https://www.nytimes.com/2001/12/20/nyregion/leniency-is-rejected-in-a-sodomy-case.html
2001-12-27,Technology Briefing | Privacy: Judge Rules In Favor Of F.B.I.,Business,https://www.nytimes.com/2001/12/27/business/technology-briefing-privacy-judge-rules-in-favor-of-fbi.html
2001-12-09,THE YEAR IN IDEAS: A TO Z.; The Lie Detector That Scans Your Brain,Magazine,https://www.nytimes.com/2001/12/09/magazine/the-year-in-ideas-a-to-z-the-lie-detector-that-scans-your-brain.html
2001-12-14,The Innocent Suspect,Opinion,https://www.nytimes.com/2001/12/14/opinion/l-the-innocent-suspect-658812.html
2001-12-29,World Briefing | Africa: South Africa: President Speaks Out On Rape,World,https://www.nytimes.com/2001/12/29/world/world-briefing-africa-south-africa-president-speaks-out-on-rape.html
2001-12-15,Misusing Executive Privilege,Opinion,https://www.nytimes.com/2001/12/15/opinion/misusing-executive-privilege.html
2001-12-30,Man Arrested in String of Rapes in Brooklyn,New York,https://www.nytimes.com/2001/12/30/nyregion/man-arrested-in-string-of-rapes-in-brooklyn.html
2001-12-15,Trouble for Connecticut's Ex-Treasurer,New York,https://www.nytimes.com/2001/12/15/nyregion/trouble-for-connecticuts-extreasurer.html
2001-12-13,World Briefing | Europe: Turkey: New Review Of Corruption Case,World,https://www.nytimes.com/2001/12/13/world/world-briefing-europe-turkey-new-review-of-corruption-case.html
2001-12-12,Italian Leader Drops Opposition To Europe-Wide Arrest Warrants,World,https://www.nytimes.com/2001/12/12/world/italian-leader-drops-opposition-to-europe-wide-arrest-warrants.html
